event_id,start_utc,end_utc,lat,lon,domain,selection
20220930_1746,2022-09-30T17:46:00Z,2022-09-30T18:06:00Z,37.0000,-76.5300,CONUS,Max-1 intensity
20240110_0048,2024-01-10T00:48:00Z,2024-01-10T01:08:00Z,36.9000,-77.5000,CONUS,Max-2 intensity
20241122_1252,2024-11-22T12:52:00Z,2024-11-22T13:12:00Z,42.5100,-73.9900,CONUS,Median-1 intensity
20220307_2120,2022-03-07T21:20:00Z,2022-03-07T21:40:00Z,42.3100,-74.0700,CONUS,Median-2 intensity
20220103_1310,2022-01-03T13:10:00Z,2022-01-03T13:30:00Z,37.1900,-77.0900,CONUS,Max-1 density
20250111_0714,2025-01-11T07:14:00Z,2025-01-11T07:34:00Z,37.0800,-77.0800,CONUS,Max-2 density
20240809_1648,2024-08-09T16:48:00Z,2024-08-09T17:08:00Z,42.5000,-74.1700,CONUS,Median-1 density
20220203_0024,2022-02-03T00:24:00Z,2022-02-03T00:44:00Z,34.7100,-106.1600,CONUS,Median-2 density
20220103_1206,2022-01-03T12:06:00Z,2022-01-03T12:26:00Z,37.1900,-77.0900,CONUS,Max-1 complexity
20220103_1030,2022-01-03T10:30:00Z,2022-01-03T10:50:00Z,37.1900,-77.0900,CONUS,Max-2 complexity
20250720_0048,2025-07-20T00:48:00Z,2025-07-20T01:08:00Z,37.2700,-77.2700,CONUS,Median-1 complexity
20240404_1916,2024-04-04T19:16:00Z,2024-04-04T19:36:00Z,42.4200,-74.0700,CONUS,Median-2 complexity
